<annotation>
	<folder>train</folder>
	<filename>toyota6.jpg</filename>
	<path>C:\Users\ADMIN\Desktop\xlalogo\images\train\toyota6.jpg</path>
	<source>
		<database>Unknown</database>
	</source>
	<size>
		<width>640</width>
		<height>480</height>
		<depth>3</depth>
	</size>
	<segmented>0</segmented>
	<object>
		<name>toyota</name>
		<pose>Unspecified</pose>
		<truncated>0</truncated>
		<difficult>0</difficult>
		<bndbox>
			<xmin>145</xmin>
			<ymin>221</ymin>
			<xmax>180</xmax>
			<ymax>252</ymax>
		</bndbox>
	</object>
</annotation>
