<annotation>
	<folder>train</folder>
	<filename>toyota45.jpg</filename>
	<path>C:\Users\ADMIN\Desktop\xlalogo\images\train\toyota45.jpg</path>
	<source>
		<database>Unknown</database>
	</source>
	<size>
		<width>2048</width>
		<height>1152</height>
		<depth>3</depth>
	</size>
	<segmented>0</segmented>
	<object>
		<name>toyota</name>
		<pose>Unspecified</pose>
		<truncated>0</truncated>
		<difficult>0</difficult>
		<bndbox>
			<xmin>233</xmin>
			<ymin>455</ymin>
			<xmax>318</xmax>
			<ymax>557</ymax>
		</bndbox>
	</object>
</annotation>
