<annotation>
	<folder>train</folder>
	<filename>toyota16.jpg</filename>
	<path>C:\Users\ADMIN\Desktop\xlalogo\images\train\toyota16.jpg</path>
	<source>
		<database>Unknown</database>
	</source>
	<size>
		<width>512</width>
		<height>384</height>
		<depth>3</depth>
	</size>
	<segmented>0</segmented>
	<object>
		<name>toyota</name>
		<pose>Unspecified</pose>
		<truncated>0</truncated>
		<difficult>0</difficult>
		<bndbox>
			<xmin>86</xmin>
			<ymin>223</ymin>
			<xmax>120</xmax>
			<ymax>259</ymax>
		</bndbox>
	</object>
</annotation>
