<annotation>
	<folder>train</folder>
	<filename>toyota36.jpg</filename>
	<path>C:\Users\ADMIN\Desktop\xlalogo\images\train\toyota36.jpg</path>
	<source>
		<database>Unknown</database>
	</source>
	<size>
		<width>600</width>
		<height>400</height>
		<depth>3</depth>
	</size>
	<segmented>0</segmented>
	<object>
		<name>toyota</name>
		<pose>Unspecified</pose>
		<truncated>0</truncated>
		<difficult>0</difficult>
		<bndbox>
			<xmin>436</xmin>
			<ymin>157</ymin>
			<xmax>500</xmax>
			<ymax>212</ymax>
		</bndbox>
	</object>
</annotation>
