<annotation>
	<folder>train</folder>
	<filename>toyota21.jpg</filename>
	<path>C:\Users\ADMIN\Desktop\xlalogo\images\train\toyota21.jpg</path>
	<source>
		<database>Unknown</database>
	</source>
	<size>
		<width>722</width>
		<height>447</height>
		<depth>3</depth>
	</size>
	<segmented>0</segmented>
	<object>
		<name>toyota</name>
		<pose>Unspecified</pose>
		<truncated>0</truncated>
		<difficult>0</difficult>
		<bndbox>
			<xmin>505</xmin>
			<ymin>201</ymin>
			<xmax>567</xmax>
			<ymax>250</ymax>
		</bndbox>
	</object>
</annotation>
