<annotation>
	<folder>train</folder>
	<filename>toyota38.jpg</filename>
	<path>C:\Users\ADMIN\Desktop\xlalogo\images\train\toyota38.jpg</path>
	<source>
		<database>Unknown</database>
	</source>
	<size>
		<width>852</width>
		<height>639</height>
		<depth>3</depth>
	</size>
	<segmented>0</segmented>
	<object>
		<name>toyota</name>
		<pose>Unspecified</pose>
		<truncated>0</truncated>
		<difficult>0</difficult>
		<bndbox>
			<xmin>618</xmin>
			<ymin>364</ymin>
			<xmax>686</xmax>
			<ymax>415</ymax>
		</bndbox>
	</object>
</annotation>
