<annotation>
	<folder>train</folder>
	<filename>toyota28.jpg</filename>
	<path>C:\Users\ADMIN\Desktop\xlalogo\images\train\toyota28.jpg</path>
	<source>
		<database>Unknown</database>
	</source>
	<size>
		<width>400</width>
		<height>300</height>
		<depth>3</depth>
	</size>
	<segmented>0</segmented>
	<object>
		<name>toyota</name>
		<pose>Unspecified</pose>
		<truncated>0</truncated>
		<difficult>0</difficult>
		<bndbox>
			<xmin>39</xmin>
			<ymin>115</ymin>
			<xmax>67</xmax>
			<ymax>141</ymax>
		</bndbox>
	</object>
</annotation>
