<annotation>
	<folder>train</folder>
	<filename>toyota9.jpg</filename>
	<path>C:\Users\ADMIN\Desktop\xlalogo\images\train\toyota9.jpg</path>
	<source>
		<database>Unknown</database>
	</source>
	<size>
		<width>800</width>
		<height>800</height>
		<depth>3</depth>
	</size>
	<segmented>0</segmented>
	<object>
		<name>toyota</name>
		<pose>Unspecified</pose>
		<truncated>0</truncated>
		<difficult>0</difficult>
		<bndbox>
			<xmin>194</xmin>
			<ymin>468</ymin>
			<xmax>270</xmax>
			<ymax>511</ymax>
		</bndbox>
	</object>
</annotation>
