<annotation>
	<folder>train</folder>
	<filename>toyota40.jpg</filename>
	<path>C:\Users\ADMIN\Desktop\xlalogo\images\train\toyota40.jpg</path>
	<source>
		<database>Unknown</database>
	</source>
	<size>
		<width>960</width>
		<height>720</height>
		<depth>3</depth>
	</size>
	<segmented>0</segmented>
	<object>
		<name>toyota</name>
		<pose>Unspecified</pose>
		<truncated>0</truncated>
		<difficult>0</difficult>
		<bndbox>
			<xmin>260</xmin>
			<ymin>342</ymin>
			<xmax>334</xmax>
			<ymax>403</ymax>
		</bndbox>
	</object>
</annotation>
