<annotation>
	<folder>train</folder>
	<filename>toyota31.jpg</filename>
	<path>C:\Users\ADMIN\Desktop\xlalogo\images\train\toyota31.jpg</path>
	<source>
		<database>Unknown</database>
	</source>
	<size>
		<width>1440</width>
		<height>763</height>
		<depth>3</depth>
	</size>
	<segmented>0</segmented>
	<object>
		<name>toyota</name>
		<pose>Unspecified</pose>
		<truncated>0</truncated>
		<difficult>0</difficult>
		<bndbox>
			<xmin>448</xmin>
			<ymin>307</ymin>
			<xmax>583</xmax>
			<ymax>401</ymax>
		</bndbox>
	</object>
</annotation>
