<annotation>
	<folder>train</folder>
	<filename>toyota14.jpg</filename>
	<path>C:\Users\ADMIN\Desktop\xlalogo\images\train\toyota14.jpg</path>
	<source>
		<database>Unknown</database>
	</source>
	<size>
		<width>660</width>
		<height>429</height>
		<depth>3</depth>
	</size>
	<segmented>0</segmented>
	<object>
		<name>toyota</name>
		<pose>Unspecified</pose>
		<truncated>0</truncated>
		<difficult>0</difficult>
		<bndbox>
			<xmin>324</xmin>
			<ymin>202</ymin>
			<xmax>363</xmax>
			<ymax>229</ymax>
		</bndbox>
	</object>
</annotation>
