<annotation>
	<folder>train</folder>
	<filename>toyota23.jpg</filename>
	<path>C:\Users\ADMIN\Desktop\xlalogo\images\train\toyota23.jpg</path>
	<source>
		<database>Unknown</database>
	</source>
	<size>
		<width>1024</width>
		<height>683</height>
		<depth>3</depth>
	</size>
	<segmented>0</segmented>
	<object>
		<name>toyota</name>
		<pose>Unspecified</pose>
		<truncated>0</truncated>
		<difficult>0</difficult>
		<bndbox>
			<xmin>168</xmin>
			<ymin>344</ymin>
			<xmax>242</xmax>
			<ymax>410</ymax>
		</bndbox>
	</object>
</annotation>
