<annotation>
	<folder>train</folder>
	<filename>toyota10.jpg</filename>
	<path>C:\Users\ADMIN\Desktop\xlalogo\images\train\toyota10.jpg</path>
	<source>
		<database>Unknown</database>
	</source>
	<size>
		<width>260</width>
		<height>193</height>
		<depth>3</depth>
	</size>
	<segmented>0</segmented>
	<object>
		<name>toyota</name>
		<pose>Unspecified</pose>
		<truncated>0</truncated>
		<difficult>0</difficult>
		<bndbox>
			<xmin>47</xmin>
			<ymin>55</ymin>
			<xmax>73</xmax>
			<ymax>72</ymax>
		</bndbox>
	</object>
</annotation>
