<annotation>
	<folder>train</folder>
	<filename>toyota19.jpg</filename>
	<path>C:\Users\ADMIN\Desktop\xlalogo\images\train\toyota19.jpg</path>
	<source>
		<database>Unknown</database>
	</source>
	<size>
		<width>1120</width>
		<height>622</height>
		<depth>3</depth>
	</size>
	<segmented>0</segmented>
	<object>
		<name>toyota</name>
		<pose>Unspecified</pose>
		<truncated>0</truncated>
		<difficult>0</difficult>
		<bndbox>
			<xmin>390</xmin>
			<ymin>320</ymin>
			<xmax>465</xmax>
			<ymax>375</ymax>
		</bndbox>
	</object>
</annotation>
