<annotation>
	<folder>train</folder>
	<filename>toyota25.jpg</filename>
	<path>C:\Users\ADMIN\Desktop\xlalogo\images\train\toyota25.jpg</path>
	<source>
		<database>Unknown</database>
	</source>
	<size>
		<width>225</width>
		<height>225</height>
		<depth>3</depth>
	</size>
	<segmented>0</segmented>
	<object>
		<name>toyota</name>
		<pose>Unspecified</pose>
		<truncated>0</truncated>
		<difficult>0</difficult>
		<bndbox>
			<xmin>37</xmin>
			<ymin>161</ymin>
			<xmax>53</xmax>
			<ymax>172</ymax>
		</bndbox>
	</object>
</annotation>
