<annotation>
	<folder>train</folder>
	<filename>toyota26.jpg</filename>
	<path>C:\Users\ADMIN\Desktop\xlalogo\images\train\toyota26.jpg</path>
	<source>
		<database>Unknown</database>
	</source>
	<size>
		<width>299</width>
		<height>168</height>
		<depth>3</depth>
	</size>
	<segmented>0</segmented>
	<object>
		<name>toyota</name>
		<pose>Unspecified</pose>
		<truncated>0</truncated>
		<difficult>0</difficult>
		<bndbox>
			<xmin>131</xmin>
			<ymin>89</ymin>
			<xmax>160</xmax>
			<ymax>107</ymax>
		</bndbox>
	</object>
</annotation>
