<annotation>
	<folder>train</folder>
	<filename>toyota4.jpg</filename>
	<path>C:\Users\ADMIN\Desktop\xlalogo\images\train\toyota4.jpg</path>
	<source>
		<database>Unknown</database>
	</source>
	<size>
		<width>500</width>
		<height>360</height>
		<depth>3</depth>
	</size>
	<segmented>0</segmented>
	<object>
		<name>toyota</name>
		<pose>Unspecified</pose>
		<truncated>0</truncated>
		<difficult>0</difficult>
		<bndbox>
			<xmin>122</xmin>
			<ymin>149</ymin>
			<xmax>164</xmax>
			<ymax>187</ymax>
		</bndbox>
	</object>
</annotation>
