<annotation>
	<folder>train</folder>
	<filename>toyota7.jpg</filename>
	<path>C:\Users\ADMIN\Desktop\xlalogo\images\train\toyota7.jpg</path>
	<source>
		<database>Unknown</database>
	</source>
	<size>
		<width>600</width>
		<height>450</height>
		<depth>3</depth>
	</size>
	<segmented>0</segmented>
	<object>
		<name>toyota</name>
		<pose>Unspecified</pose>
		<truncated>0</truncated>
		<difficult>0</difficult>
		<bndbox>
			<xmin>137</xmin>
			<ymin>198</ymin>
			<xmax>161</xmax>
			<ymax>230</ymax>
		</bndbox>
	</object>
</annotation>
