<annotation>
	<folder>train</folder>
	<filename>toyota33.jpg</filename>
	<path>C:\Users\ADMIN\Desktop\xlalogo\images\train\toyota33.jpg</path>
	<source>
		<database>Unknown</database>
	</source>
	<size>
		<width>600</width>
		<height>391</height>
		<depth>3</depth>
	</size>
	<segmented>0</segmented>
	<object>
		<name>toyota</name>
		<pose>Unspecified</pose>
		<truncated>0</truncated>
		<difficult>0</difficult>
		<bndbox>
			<xmin>360</xmin>
			<ymin>223</ymin>
			<xmax>385</xmax>
			<ymax>249</ymax>
		</bndbox>
	</object>
</annotation>
