<annotation>
	<folder>train</folder>
	<filename>toyota35.jpg</filename>
	<path>C:\Users\ADMIN\Desktop\xlalogo\images\train\toyota35.jpg</path>
	<source>
		<database>Unknown</database>
	</source>
	<size>
		<width>1920</width>
		<height>1174</height>
		<depth>3</depth>
	</size>
	<segmented>0</segmented>
	<object>
		<name>toyota</name>
		<pose>Unspecified</pose>
		<truncated>0</truncated>
		<difficult>0</difficult>
		<bndbox>
			<xmin>1182</xmin>
			<ymin>412</ymin>
			<xmax>1257</xmax>
			<ymax>462</ymax>
		</bndbox>
	</object>
</annotation>
