<annotation>
	<folder>train</folder>
	<filename>toyota3.jpg</filename>
	<path>C:\Users\ADMIN\Desktop\xlalogo\images\train\toyota3.jpg</path>
	<source>
		<database>Unknown</database>
	</source>
	<size>
		<width>333</width>
		<height>151</height>
		<depth>3</depth>
	</size>
	<segmented>0</segmented>
	<object>
		<name>toyota</name>
		<pose>Unspecified</pose>
		<truncated>0</truncated>
		<difficult>0</difficult>
		<bndbox>
			<xmin>96</xmin>
			<ymin>72</ymin>
			<xmax>114</xmax>
			<ymax>92</ymax>
		</bndbox>
	</object>
</annotation>
