<annotation>
	<folder>train</folder>
	<filename>toyota13.jpg</filename>
	<path>C:\Users\ADMIN\Desktop\xlalogo\images\train\toyota13.jpg</path>
	<source>
		<database>Unknown</database>
	</source>
	<size>
		<width>600</width>
		<height>282</height>
		<depth>3</depth>
	</size>
	<segmented>0</segmented>
	<object>
		<name>toyota</name>
		<pose>Unspecified</pose>
		<truncated>0</truncated>
		<difficult>0</difficult>
		<bndbox>
			<xmin>232</xmin>
			<ymin>138</ymin>
			<xmax>260</xmax>
			<ymax>158</ymax>
		</bndbox>
	</object>
</annotation>
