<annotation>
	<folder>train</folder>
	<filename>toyota30.png</filename>
	<path>C:\Users\ADMIN\Desktop\xlalogo\images\train\toyota30.png</path>
	<source>
		<database>Unknown</database>
	</source>
	<size>
		<width>620</width>
		<height>324</height>
		<depth>3</depth>
	</size>
	<segmented>0</segmented>
	<object>
		<name>toyota</name>
		<pose>Unspecified</pose>
		<truncated>0</truncated>
		<difficult>0</difficult>
		<bndbox>
			<xmin>120</xmin>
			<ymin>184</ymin>
			<xmax>157</xmax>
			<ymax>209</ymax>
		</bndbox>
	</object>
</annotation>
