<annotation>
	<folder>train</folder>
	<filename>toyota27.jpg</filename>
	<path>C:\Users\ADMIN\Desktop\xlalogo\images\train\toyota27.jpg</path>
	<source>
		<database>Unknown</database>
	</source>
	<size>
		<width>640</width>
		<height>480</height>
		<depth>3</depth>
	</size>
	<segmented>0</segmented>
	<object>
		<name>toyota</name>
		<pose>Unspecified</pose>
		<truncated>0</truncated>
		<difficult>0</difficult>
		<bndbox>
			<xmin>156</xmin>
			<ymin>225</ymin>
			<xmax>194</xmax>
			<ymax>257</ymax>
		</bndbox>
	</object>
</annotation>
