<annotation>
	<folder>train</folder>
	<filename>toyota44.jpg</filename>
	<path>C:\Users\ADMIN\Desktop\xlalogo\images\train\toyota44.jpg</path>
	<source>
		<database>Unknown</database>
	</source>
	<size>
		<width>2048</width>
		<height>1152</height>
		<depth>3</depth>
	</size>
	<segmented>0</segmented>
	<object>
		<name>toyota</name>
		<pose>Unspecified</pose>
		<truncated>0</truncated>
		<difficult>0</difficult>
		<bndbox>
			<xmin>260</xmin>
			<ymin>578</ymin>
			<xmax>358</xmax>
			<ymax>703</ymax>
		</bndbox>
	</object>
</annotation>
