<annotation>
	<folder>train</folder>
	<filename>toyota39.jpg</filename>
	<path>C:\Users\ADMIN\Desktop\xlalogo\images\train\toyota39.jpg</path>
	<source>
		<database>Unknown</database>
	</source>
	<size>
		<width>660</width>
		<height>495</height>
		<depth>3</depth>
	</size>
	<segmented>0</segmented>
	<object>
		<name>toyota</name>
		<pose>Unspecified</pose>
		<truncated>0</truncated>
		<difficult>0</difficult>
		<bndbox>
			<xmin>310</xmin>
			<ymin>193</ymin>
			<xmax>364</xmax>
			<ymax>227</ymax>
		</bndbox>
	</object>
</annotation>
