<annotation>
	<folder>train</folder>
	<filename>toyota43.jpg</filename>
	<path>C:\Users\ADMIN\Desktop\xlalogo\images\train\toyota43.jpg</path>
	<source>
		<database>Unknown</database>
	</source>
	<size>
		<width>2048</width>
		<height>1152</height>
		<depth>3</depth>
	</size>
	<segmented>0</segmented>
	<object>
		<name>toyota</name>
		<pose>Unspecified</pose>
		<truncated>0</truncated>
		<difficult>0</difficult>
		<bndbox>
			<xmin>524</xmin>
			<ymin>674</ymin>
			<xmax>593</xmax>
			<ymax>726</ymax>
		</bndbox>
	</object>
</annotation>
