<annotation>
	<folder>train</folder>
	<filename>toyota17.jpg</filename>
	<path>C:\Users\ADMIN\Desktop\xlalogo\images\train\toyota17.jpg</path>
	<source>
		<database>Unknown</database>
	</source>
	<size>
		<width>512</width>
		<height>299</height>
		<depth>3</depth>
	</size>
	<segmented>0</segmented>
	<object>
		<name>toyota</name>
		<pose>Unspecified</pose>
		<truncated>0</truncated>
		<difficult>0</difficult>
		<bndbox>
			<xmin>118</xmin>
			<ymin>117</ymin>
			<xmax>157</xmax>
			<ymax>156</ymax>
		</bndbox>
	</object>
</annotation>
