<annotation>
	<folder>train</folder>
	<filename>toyota20.jpg</filename>
	<path>C:\Users\ADMIN\Desktop\xlalogo\images\train\toyota20.jpg</path>
	<source>
		<database>Unknown</database>
	</source>
	<size>
		<width>1024</width>
		<height>683</height>
		<depth>3</depth>
	</size>
	<segmented>0</segmented>
	<object>
		<name>toyota</name>
		<pose>Unspecified</pose>
		<truncated>0</truncated>
		<difficult>0</difficult>
		<bndbox>
			<xmin>640</xmin>
			<ymin>435</ymin>
			<xmax>678</xmax>
			<ymax>466</ymax>
		</bndbox>
	</object>
</annotation>
