<annotation>
	<folder>train</folder>
	<filename>toyota29.jpg</filename>
	<path>C:\Users\ADMIN\Desktop\xlalogo\images\train\toyota29.jpg</path>
	<source>
		<database>Unknown</database>
	</source>
	<size>
		<width>850</width>
		<height>580</height>
		<depth>3</depth>
	</size>
	<segmented>0</segmented>
	<object>
		<name>toyota</name>
		<pose>Unspecified</pose>
		<truncated>0</truncated>
		<difficult>0</difficult>
		<bndbox>
			<xmin>310</xmin>
			<ymin>231</ymin>
			<xmax>381</xmax>
			<ymax>294</ymax>
		</bndbox>
	</object>
</annotation>
