<annotation>
	<folder>train</folder>
	<filename>toyota18.jpg</filename>
	<path>C:\Users\ADMIN\Desktop\xlalogo\images\train\toyota18.jpg</path>
	<source>
		<database>Unknown</database>
	</source>
	<size>
		<width>715</width>
		<height>350</height>
		<depth>3</depth>
	</size>
	<segmented>0</segmented>
	<object>
		<name>hyundai</name>
		<pose>Unspecified</pose>
		<truncated>0</truncated>
		<difficult>0</difficult>
		<bndbox>
			<xmin>99</xmin>
			<ymin>149</ymin>
			<xmax>130</xmax>
			<ymax>179</ymax>
		</bndbox>
	</object>
</annotation>
