<annotation>
	<folder>train</folder>
	<filename>toyota37.jpg</filename>
	<path>C:\Users\ADMIN\Desktop\xlalogo\images\train\toyota37.jpg</path>
	<source>
		<database>Unknown</database>
	</source>
	<size>
		<width>400</width>
		<height>302</height>
		<depth>3</depth>
	</size>
	<segmented>0</segmented>
	<object>
		<name>toyota</name>
		<pose>Unspecified</pose>
		<truncated>0</truncated>
		<difficult>0</difficult>
		<bndbox>
			<xmin>250</xmin>
			<ymin>155</ymin>
			<xmax>276</xmax>
			<ymax>181</ymax>
		</bndbox>
	</object>
</annotation>
