<annotation>
	<folder>train</folder>
	<filename>toyota34.jpg</filename>
	<path>C:\Users\ADMIN\Desktop\xlalogo\images\train\toyota34.jpg</path>
	<source>
		<database>Unknown</database>
	</source>
	<size>
		<width>900</width>
		<height>900</height>
		<depth>3</depth>
	</size>
	<segmented>0</segmented>
	<object>
		<name>toyota</name>
		<pose>Unspecified</pose>
		<truncated>0</truncated>
		<difficult>0</difficult>
		<bndbox>
			<xmin>133</xmin>
			<ymin>418</ymin>
			<xmax>190</xmax>
			<ymax>466</ymax>
		</bndbox>
	</object>
</annotation>
