<annotation>
	<folder>train</folder>
	<filename>toyota2.jpg</filename>
	<path>C:\Users\ADMIN\Desktop\xlalogo\images\train\toyota2.jpg</path>
	<source>
		<database>Unknown</database>
	</source>
	<size>
		<width>800</width>
		<height>450</height>
		<depth>3</depth>
	</size>
	<segmented>0</segmented>
	<object>
		<name>toyota</name>
		<pose>Unspecified</pose>
		<truncated>0</truncated>
		<difficult>0</difficult>
		<bndbox>
			<xmin>482</xmin>
			<ymin>208</ymin>
			<xmax>547</xmax>
			<ymax>263</ymax>
		</bndbox>
	</object>
</annotation>
