<annotation>
	<folder>train</folder>
	<filename>toyota5.jpg</filename>
	<path>C:\Users\ADMIN\Desktop\xlalogo\images\train\toyota5.jpg</path>
	<source>
		<database>Unknown</database>
	</source>
	<size>
		<width>640</width>
		<height>359</height>
		<depth>3</depth>
	</size>
	<segmented>0</segmented>
	<object>
		<name>toyota</name>
		<pose>Unspecified</pose>
		<truncated>0</truncated>
		<difficult>0</difficult>
		<bndbox>
			<xmin>81</xmin>
			<ymin>189</ymin>
			<xmax>116</xmax>
			<ymax>215</ymax>
		</bndbox>
	</object>
</annotation>
