<annotation>
	<folder>train</folder>
	<filename>toyota1.jpg</filename>
	<path>C:\Users\ADMIN\Desktop\xlalogo\images\train\toyota1.jpg</path>
	<source>
		<database>Unknown</database>
	</source>
	<size>
		<width>1200</width>
		<height>801</height>
		<depth>3</depth>
	</size>
	<segmented>0</segmented>
	<object>
		<name>toyota</name>
		<pose>Unspecified</pose>
		<truncated>0</truncated>
		<difficult>0</difficult>
		<bndbox>
			<xmin>223</xmin>
			<ymin>383</ymin>
			<xmax>285</xmax>
			<ymax>437</ymax>
		</bndbox>
	</object>
</annotation>
