<annotation>
	<folder>train</folder>
	<filename>toyota22.jpg</filename>
	<path>C:\Users\ADMIN\Desktop\xlalogo\images\train\toyota22.jpg</path>
	<source>
		<database>Unknown</database>
	</source>
	<size>
		<width>480</width>
		<height>292</height>
		<depth>3</depth>
	</size>
	<segmented>0</segmented>
	<object>
		<name>toyota</name>
		<pose>Unspecified</pose>
		<truncated>0</truncated>
		<difficult>0</difficult>
		<bndbox>
			<xmin>381</xmin>
			<ymin>145</ymin>
			<xmax>410</xmax>
			<ymax>177</ymax>
		</bndbox>
	</object>
</annotation>
