<annotation>
	<folder>train</folder>
	<filename>vin1.jpg</filename>
	<path>C:\Users\ADMIN\Desktop\xlalogo\images\train\vin1.jpg</path>
	<source>
		<database>Unknown</database>
	</source>
	<size>
		<width>720</width>
		<height>480</height>
		<depth>3</depth>
	</size>
	<segmented>0</segmented>
	<object>
		<name>vinfast</name>
		<pose>Unspecified</pose>
		<truncated>0</truncated>
		<difficult>0</difficult>
		<bndbox>
			<xmin>169</xmin>
			<ymin>336</ymin>
			<xmax>197</xmax>
			<ymax>380</ymax>
		</bndbox>
	</object>
</annotation>
