<annotation>
	<folder>train</folder>
	<filename>vin17.jpg</filename>
	<path>C:\Users\ADMIN\Desktop\xlalogo\images\train\vin17.jpg</path>
	<source>
		<database>Unknown</database>
	</source>
	<size>
		<width>685</width>
		<height>457</height>
		<depth>3</depth>
	</size>
	<segmented>0</segmented>
	<object>
		<name>vinfast</name>
		<pose>Unspecified</pose>
		<truncated>0</truncated>
		<difficult>0</difficult>
		<bndbox>
			<xmin>526</xmin>
			<ymin>115</ymin>
			<xmax>594</xmax>
			<ymax>212</ymax>
		</bndbox>
	</object>
</annotation>
