<annotation>
	<folder>train</folder>
	<filename>vin18.jpg</filename>
	<path>C:\Users\ADMIN\Desktop\xlalogo\images\train\vin18.jpg</path>
	<source>
		<database>Unknown</database>
	</source>
	<size>
		<width>800</width>
		<height>480</height>
		<depth>3</depth>
	</size>
	<segmented>0</segmented>
	<object>
		<name>vinfast</name>
		<pose>Unspecified</pose>
		<truncated>0</truncated>
		<difficult>0</difficult>
		<bndbox>
			<xmin>579</xmin>
			<ymin>229</ymin>
			<xmax>641</xmax>
			<ymax>300</ymax>
		</bndbox>
	</object>
</annotation>
