<annotation>
	<folder>train</folder>
	<filename>vin11.jpg</filename>
	<path>C:\Users\ADMIN\Desktop\xlalogo\images\train\vin11.jpg</path>
	<source>
		<database>Unknown</database>
	</source>
	<size>
		<width>2000</width>
		<height>1212</height>
		<depth>3</depth>
	</size>
	<segmented>0</segmented>
	<object>
		<name>vinfast</name>
		<pose>Unspecified</pose>
		<truncated>0</truncated>
		<difficult>0</difficult>
		<bndbox>
			<xmin>1364</xmin>
			<ymin>648</ymin>
			<xmax>1476</xmax>
			<ymax>742</ymax>
		</bndbox>
	</object>
</annotation>
