<annotation>
	<folder>train</folder>
	<filename>vin13.jpg</filename>
	<path>C:\Users\ADMIN\Desktop\xlalogo\images\train\vin13.jpg</path>
	<source>
		<database>Unknown</database>
	</source>
	<size>
		<width>1279</width>
		<height>852</height>
		<depth>3</depth>
	</size>
	<segmented>0</segmented>
	<object>
		<name>vinfast</name>
		<pose>Unspecified</pose>
		<truncated>0</truncated>
		<difficult>0</difficult>
		<bndbox>
			<xmin>923</xmin>
			<ymin>380</ymin>
			<xmax>1056</xmax>
			<ymax>547</ymax>
		</bndbox>
	</object>
</annotation>
