<annotation>
	<folder>train</folder>
	<filename>vin16.jpg</filename>
	<path>C:\Users\ADMIN\Desktop\xlalogo\images\train\vin16.jpg</path>
	<source>
		<database>Unknown</database>
	</source>
	<size>
		<width>640</width>
		<height>399</height>
		<depth>3</depth>
	</size>
	<segmented>0</segmented>
	<object>
		<name>vinfast</name>
		<pose>Unspecified</pose>
		<truncated>0</truncated>
		<difficult>0</difficult>
		<bndbox>
			<xmin>90</xmin>
			<ymin>180</ymin>
			<xmax>123</xmax>
			<ymax>217</ymax>
		</bndbox>
	</object>
</annotation>
