<annotation>
	<folder>train</folder>
	<filename>vin15.jpg</filename>
	<path>C:\Users\ADMIN\Desktop\xlalogo\images\train\vin15.jpg</path>
	<source>
		<database>Unknown</database>
	</source>
	<size>
		<width>800</width>
		<height>800</height>
		<depth>3</depth>
	</size>
	<segmented>0</segmented>
	<object>
		<name>vinfast</name>
		<pose>Unspecified</pose>
		<truncated>0</truncated>
		<difficult>0</difficult>
		<bndbox>
			<xmin>572</xmin>
			<ymin>513</ymin>
			<xmax>646</xmax>
			<ymax>583</ymax>
		</bndbox>
	</object>
</annotation>
