<annotation>
	<folder>train</folder>
	<filename>vin10.jpg</filename>
	<path>C:\Users\ADMIN\Desktop\xlalogo\images\train\vin10.jpg</path>
	<source>
		<database>Unknown</database>
	</source>
	<size>
		<width>2000</width>
		<height>1335</height>
		<depth>3</depth>
	</size>
	<segmented>0</segmented>
	<object>
		<name>vinfast</name>
		<pose>Unspecified</pose>
		<truncated>0</truncated>
		<difficult>0</difficult>
		<bndbox>
			<xmin>1272</xmin>
			<ymin>646</ymin>
			<xmax>1437</xmax>
			<ymax>801</ymax>
		</bndbox>
	</object>
</annotation>
