<annotation>
	<folder>train</folder>
	<filename>vin23.jpg</filename>
	<path>C:\Users\ADMIN\Desktop\xlalogo\images\train\vin23.jpg</path>
	<source>
		<database>Unknown</database>
	</source>
	<size>
		<width>680</width>
		<height>452</height>
		<depth>3</depth>
	</size>
	<segmented>0</segmented>
	<object>
		<name>vinfast</name>
		<pose>Unspecified</pose>
		<truncated>0</truncated>
		<difficult>0</difficult>
		<bndbox>
			<xmin>289</xmin>
			<ymin>231</ymin>
			<xmax>312</xmax>
			<ymax>250</ymax>
		</bndbox>
	</object>
</annotation>
