<annotation>
	<folder>train</folder>
	<filename>vin24.jpg</filename>
	<path>C:\Users\ADMIN\Desktop\xlalogo\images\train\vin24.jpg</path>
	<source>
		<database>Unknown</database>
	</source>
	<size>
		<width>680</width>
		<height>453</height>
		<depth>3</depth>
	</size>
	<segmented>0</segmented>
	<object>
		<name>vinfast</name>
		<pose>Unspecified</pose>
		<truncated>0</truncated>
		<difficult>0</difficult>
		<bndbox>
			<xmin>376</xmin>
			<ymin>226</ymin>
			<xmax>423</xmax>
			<ymax>259</ymax>
		</bndbox>
	</object>
</annotation>
