<annotation>
	<folder>train</folder>
	<filename>vin22.jpg</filename>
	<path>C:\Users\ADMIN\Desktop\xlalogo\images\train\vin22.jpg</path>
	<source>
		<database>Unknown</database>
	</source>
	<size>
		<width>600</width>
		<height>450</height>
		<depth>3</depth>
	</size>
	<segmented>0</segmented>
	<object>
		<name>vinfast</name>
		<pose>Unspecified</pose>
		<truncated>0</truncated>
		<difficult>0</difficult>
		<bndbox>
			<xmin>57</xmin>
			<ymin>251</ymin>
			<xmax>127</xmax>
			<ymax>323</ymax>
		</bndbox>
	</object>
</annotation>
