<annotation>
	<folder>train</folder>
	<filename>vin25.jpg</filename>
	<path>C:\Users\ADMIN\Desktop\xlalogo\images\train\vin25.jpg</path>
	<source>
		<database>Unknown</database>
	</source>
	<size>
		<width>400</width>
		<height>267</height>
		<depth>3</depth>
	</size>
	<segmented>0</segmented>
	<object>
		<name>vinfast</name>
		<pose>Unspecified</pose>
		<truncated>0</truncated>
		<difficult>0</difficult>
		<bndbox>
			<xmin>107</xmin>
			<ymin>160</ymin>
			<xmax>139</xmax>
			<ymax>189</ymax>
		</bndbox>
	</object>
</annotation>
