<annotation>
	<folder>train</folder>
	<filename>vin26.jpg</filename>
	<path>C:\Users\ADMIN\Desktop\xlalogo\images\train\vin26.jpg</path>
	<source>
		<database>Unknown</database>
	</source>
	<size>
		<width>900</width>
		<height>600</height>
		<depth>3</depth>
	</size>
	<segmented>0</segmented>
	<object>
		<name>vinfast</name>
		<pose>Unspecified</pose>
		<truncated>0</truncated>
		<difficult>0</difficult>
		<bndbox>
			<xmin>630</xmin>
			<ymin>330</ymin>
			<xmax>759</xmax>
			<ymax>417</ymax>
		</bndbox>
	</object>
</annotation>
