<annotation>
	<folder>train</folder>
	<filename>vin27.jpg</filename>
	<path>C:\Users\ADMIN\Desktop\xlalogo\images\train\vin27.jpg</path>
	<source>
		<database>Unknown</database>
	</source>
	<size>
		<width>1200</width>
		<height>800</height>
		<depth>3</depth>
	</size>
	<segmented>0</segmented>
	<object>
		<name>vinfast</name>
		<pose>Unspecified</pose>
		<truncated>0</truncated>
		<difficult>0</difficult>
		<bndbox>
			<xmin>196</xmin>
			<ymin>387</ymin>
			<xmax>305</xmax>
			<ymax>489</ymax>
		</bndbox>
	</object>
</annotation>
