<annotation>
	<folder>train</folder>
	<filename>vin21.jpg</filename>
	<path>C:\Users\ADMIN\Desktop\xlalogo\images\train\vin21.jpg</path>
	<source>
		<database>Unknown</database>
	</source>
	<size>
		<width>2000</width>
		<height>1334</height>
		<depth>3</depth>
	</size>
	<segmented>0</segmented>
	<object>
		<name>vinfast</name>
		<pose>Unspecified</pose>
		<truncated>0</truncated>
		<difficult>0</difficult>
		<bndbox>
			<xmin>1396</xmin>
			<ymin>654</ymin>
			<xmax>1531</xmax>
			<ymax>793</ymax>
		</bndbox>
	</object>
</annotation>
