<annotation>
	<folder>train</folder>
	<filename>vin38.jpg</filename>
	<path>C:\Users\ADMIN\Desktop\xlalogo\images\train\vin38.jpg</path>
	<source>
		<database>Unknown</database>
	</source>
	<size>
		<width>660</width>
		<height>495</height>
		<depth>3</depth>
	</size>
	<segmented>0</segmented>
	<object>
		<name>vinfast</name>
		<pose>Unspecified</pose>
		<truncated>0</truncated>
		<difficult>0</difficult>
		<bndbox>
			<xmin>84</xmin>
			<ymin>193</ymin>
			<xmax>142</xmax>
			<ymax>269</ymax>
		</bndbox>
	</object>
</annotation>
