<annotation>
	<folder>train</folder>
	<filename>vin39.jpg</filename>
	<path>C:\Users\ADMIN\Desktop\xlalogo\images\train\vin39.jpg</path>
	<source>
		<database>Unknown</database>
	</source>
	<size>
		<width>1280</width>
		<height>720</height>
		<depth>3</depth>
	</size>
	<segmented>0</segmented>
	<object>
		<name>vinfast</name>
		<pose>Unspecified</pose>
		<truncated>0</truncated>
		<difficult>0</difficult>
		<bndbox>
			<xmin>577</xmin>
			<ymin>295</ymin>
			<xmax>703</xmax>
			<ymax>418</ymax>
		</bndbox>
	</object>
</annotation>
