<annotation>
	<folder>train</folder>
	<filename>vin32.jpg</filename>
	<path>C:\Users\ADMIN\Desktop\xlalogo\images\train\vin32.jpg</path>
	<source>
		<database>Unknown</database>
	</source>
	<size>
		<width>400</width>
		<height>267</height>
		<depth>3</depth>
	</size>
	<segmented>0</segmented>
	<object>
		<name>vinfast</name>
		<pose>Unspecified</pose>
		<truncated>0</truncated>
		<difficult>0</difficult>
		<bndbox>
			<xmin>230</xmin>
			<ymin>122</ymin>
			<xmax>280</xmax>
			<ymax>159</ymax>
		</bndbox>
	</object>
</annotation>
