<annotation>
	<folder>train</folder>
	<filename>vin3.jpg</filename>
	<path>C:\Users\ADMIN\Desktop\xlalogo\images\train\vin3.jpg</path>
	<source>
		<database>Unknown</database>
	</source>
	<size>
		<width>544</width>
		<height>378</height>
		<depth>3</depth>
	</size>
	<segmented>0</segmented>
	<object>
		<name>vinfast</name>
		<pose>Unspecified</pose>
		<truncated>0</truncated>
		<difficult>0</difficult>
		<bndbox>
			<xmin>203</xmin>
			<ymin>141</ymin>
			<xmax>384</xmax>
			<ymax>332</ymax>
		</bndbox>
	</object>
</annotation>
