<annotation>
	<folder>train</folder>
	<filename>vin31.jpg</filename>
	<path>C:\Users\ADMIN\Desktop\xlalogo\images\train\vin31.jpg</path>
	<source>
		<database>Unknown</database>
	</source>
	<size>
		<width>660</width>
		<height>495</height>
		<depth>3</depth>
	</size>
	<segmented>0</segmented>
	<object>
		<name>vinfast</name>
		<pose>Unspecified</pose>
		<truncated>0</truncated>
		<difficult>0</difficult>
		<bndbox>
			<xmin>119</xmin>
			<ymin>298</ymin>
			<xmax>153</xmax>
			<ymax>332</ymax>
		</bndbox>
	</object>
</annotation>
