<annotation>
	<folder>train</folder>
	<filename>vin37.jpg</filename>
	<path>C:\Users\ADMIN\Desktop\xlalogo\images\train\vin37.jpg</path>
	<source>
		<database>Unknown</database>
	</source>
	<size>
		<width>660</width>
		<height>495</height>
		<depth>3</depth>
	</size>
	<segmented>0</segmented>
	<object>
		<name>vinfast</name>
		<pose>Unspecified</pose>
		<truncated>0</truncated>
		<difficult>0</difficult>
		<bndbox>
			<xmin>102</xmin>
			<ymin>240</ymin>
			<xmax>136</xmax>
			<ymax>278</ymax>
		</bndbox>
	</object>
</annotation>
