<annotation>
	<folder>train</folder>
	<filename>vin40.jpg</filename>
	<path>C:\Users\ADMIN\Desktop\xlalogo\images\train\vin40.jpg</path>
	<source>
		<database>Unknown</database>
	</source>
	<size>
		<width>2048</width>
		<height>1058</height>
		<depth>3</depth>
	</size>
	<segmented>0</segmented>
	<object>
		<name>vinfast</name>
		<pose>Unspecified</pose>
		<truncated>0</truncated>
		<difficult>0</difficult>
		<bndbox>
			<xmin>781</xmin>
			<ymin>747</ymin>
			<xmax>849</xmax>
			<ymax>833</ymax>
		</bndbox>
	</object>
</annotation>
