<annotation>
	<folder>train</folder>
	<filename>vin43.jpg</filename>
	<path>C:\Users\ADMIN\Desktop\xlalogo\images\train\vin43.jpg</path>
	<source>
		<database>Unknown</database>
	</source>
	<size>
		<width>640</width>
		<height>428</height>
		<depth>3</depth>
	</size>
	<segmented>0</segmented>
	<object>
		<name>vinfast</name>
		<pose>Unspecified</pose>
		<truncated>0</truncated>
		<difficult>0</difficult>
		<bndbox>
			<xmin>250</xmin>
			<ymin>309</ymin>
			<xmax>281</xmax>
			<ymax>334</ymax>
		</bndbox>
	</object>
</annotation>
