<annotation>
	<folder>train</folder>
	<filename>vin44.jpg</filename>
	<path>C:\Users\ADMIN\Desktop\xlalogo\images\train\vin44.jpg</path>
	<source>
		<database>Unknown</database>
	</source>
	<size>
		<width>1024</width>
		<height>684</height>
		<depth>3</depth>
	</size>
	<segmented>0</segmented>
	<object>
		<name>vinfast</name>
		<pose>Unspecified</pose>
		<truncated>0</truncated>
		<difficult>0</difficult>
		<bndbox>
			<xmin>728</xmin>
			<ymin>593</ymin>
			<xmax>782</xmax>
			<ymax>645</ymax>
		</bndbox>
	</object>
</annotation>
