<annotation>
	<folder>train</folder>
	<filename>vin4.jpg</filename>
	<path>C:\Users\ADMIN\Desktop\xlalogo\images\train\vin4.jpg</path>
	<source>
		<database>Unknown</database>
	</source>
	<size>
		<width>1000</width>
		<height>547</height>
		<depth>3</depth>
	</size>
	<segmented>0</segmented>
	<object>
		<name>vinfast</name>
		<pose>Unspecified</pose>
		<truncated>0</truncated>
		<difficult>0</difficult>
		<bndbox>
			<xmin>60</xmin>
			<ymin>360</ymin>
			<xmax>103</xmax>
			<ymax>399</ymax>
		</bndbox>
	</object>
</annotation>
