<annotation>
	<folder>train</folder>
	<filename>vin42.jpg</filename>
	<path>C:\Users\ADMIN\Desktop\xlalogo\images\train\vin42.jpg</path>
	<source>
		<database>Unknown</database>
	</source>
	<size>
		<width>1024</width>
		<height>684</height>
		<depth>3</depth>
	</size>
	<segmented>0</segmented>
	<object>
		<name>vinfast</name>
		<pose>Unspecified</pose>
		<truncated>0</truncated>
		<difficult>0</difficult>
		<bndbox>
			<xmin>624</xmin>
			<ymin>388</ymin>
			<xmax>680</xmax>
			<ymax>446</ymax>
		</bndbox>
	</object>
</annotation>
