<annotation>
	<folder>train</folder>
	<filename>vin41.jpg</filename>
	<path>C:\Users\ADMIN\Desktop\xlalogo\images\train\vin41.jpg</path>
	<source>
		<database>Unknown</database>
	</source>
	<size>
		<width>800</width>
		<height>534</height>
		<depth>3</depth>
	</size>
	<segmented>0</segmented>
	<object>
		<name>vinfast</name>
		<pose>Unspecified</pose>
		<truncated>0</truncated>
		<difficult>0</difficult>
		<bndbox>
			<xmin>303</xmin>
			<ymin>305</ymin>
			<xmax>389</xmax>
			<ymax>390</ymax>
		</bndbox>
	</object>
</annotation>
