<annotation>
	<folder>train</folder>
	<filename>vin5.jpg</filename>
	<path>C:\Users\ADMIN\Desktop\xlalogo\images\train\vin5.jpg</path>
	<source>
		<database>Unknown</database>
	</source>
	<size>
		<width>512</width>
		<height>312</height>
		<depth>3</depth>
	</size>
	<segmented>0</segmented>
	<object>
		<name>vinfast</name>
		<pose>Unspecified</pose>
		<truncated>0</truncated>
		<difficult>0</difficult>
		<bndbox>
			<xmin>360</xmin>
			<ymin>166</ymin>
			<xmax>397</xmax>
			<ymax>207</ymax>
		</bndbox>
	</object>
</annotation>
