<annotation>
	<folder>train</folder>
	<filename>vin9.jpg</filename>
	<path>C:\Users\ADMIN\Desktop\xlalogo\images\train\vin9.jpg</path>
	<source>
		<database>Unknown</database>
	</source>
	<size>
		<width>660</width>
		<height>439</height>
		<depth>3</depth>
	</size>
	<segmented>0</segmented>
	<object>
		<name>vinfast</name>
		<pose>Unspecified</pose>
		<truncated>0</truncated>
		<difficult>0</difficult>
		<bndbox>
			<xmin>352</xmin>
			<ymin>214</ymin>
			<xmax>419</xmax>
			<ymax>266</ymax>
		</bndbox>
	</object>
</annotation>
