<annotation>
	<folder>train</folder>
	<filename>audi14.jpg</filename>
	<path>C:\Users\ADMIN\Desktop\xlalogo\images\train\audi14.jpg</path>
	<source>
		<database>Unknown</database>
	</source>
	<size>
		<width>1920</width>
		<height>1280</height>
		<depth>3</depth>
	</size>
	<segmented>0</segmented>
	<object>
		<name>audi</name>
		<pose>Unspecified</pose>
		<truncated>0</truncated>
		<difficult>0</difficult>
		<bndbox>
			<xmin>866</xmin>
			<ymin>763</ymin>
			<xmax>1062</xmax>
			<ymax>835</ymax>
		</bndbox>
	</object>
</annotation>
