<annotation>
	<folder>train</folder>
	<filename>audi43.jpg</filename>
	<path>C:\Users\ADMIN\Desktop\xlalogo\images\train\audi43.jpg</path>
	<source>
		<database>Unknown</database>
	</source>
	<size>
		<width>1680</width>
		<height>1050</height>
		<depth>3</depth>
	</size>
	<segmented>0</segmented>
	<object>
		<name>audi</name>
		<pose>Unspecified</pose>
		<truncated>0</truncated>
		<difficult>0</difficult>
		<bndbox>
			<xmin>510</xmin>
			<ymin>607</ymin>
			<xmax>581</xmax>
			<ymax>649</ymax>
		</bndbox>
	</object>
</annotation>
