<annotation>
	<folder>train</folder>
	<filename>audi5.jpg</filename>
	<path>C:\Users\ADMIN\Desktop\xlalogo\images\train\audi5.jpg</path>
	<source>
		<database>Unknown</database>
	</source>
	<size>
		<width>960</width>
		<height>640</height>
		<depth>1</depth>
	</size>
	<segmented>0</segmented>
	<object>
		<name>audi</name>
		<pose>Unspecified</pose>
		<truncated>0</truncated>
		<difficult>0</difficult>
		<bndbox>
			<xmin>252</xmin>
			<ymin>323</ymin>
			<xmax>378</xmax>
			<ymax>394</ymax>
		</bndbox>
	</object>
</annotation>
