<annotation>
	<folder>train</folder>
	<filename>audi2.jpg</filename>
	<path>C:\Users\ADMIN\Desktop\xlalogo\images\train\audi2.jpg</path>
	<source>
		<database>Unknown</database>
	</source>
	<size>
		<width>960</width>
		<height>503</height>
		<depth>3</depth>
	</size>
	<segmented>0</segmented>
	<object>
		<name>audi</name>
		<pose>Unspecified</pose>
		<truncated>0</truncated>
		<difficult>0</difficult>
		<bndbox>
			<xmin>154</xmin>
			<ymin>247</ymin>
			<xmax>238</xmax>
			<ymax>279</ymax>
		</bndbox>
	</object>
</annotation>
