<annotation>
	<folder>train</folder>
	<filename>audi30.jpg</filename>
	<path>C:\Users\ADMIN\Desktop\xlalogo\images\train\audi30.jpg</path>
	<source>
		<database>Unknown</database>
	</source>
	<size>
		<width>1245</width>
		<height>700</height>
		<depth>3</depth>
	</size>
	<segmented>0</segmented>
	<object>
		<name>audi</name>
		<pose>Unspecified</pose>
		<truncated>0</truncated>
		<difficult>0</difficult>
		<bndbox>
			<xmin>629</xmin>
			<ymin>342</ymin>
			<xmax>679</xmax>
			<ymax>364</ymax>
		</bndbox>
	</object>
</annotation>
