<annotation>
	<folder>train</folder>
	<filename>audi6.jpg</filename>
	<path>C:\Users\ADMIN\Desktop\xlalogo\images\train\audi6.jpg</path>
	<source>
		<database>Unknown</database>
	</source>
	<size>
		<width>1024</width>
		<height>682</height>
		<depth>3</depth>
	</size>
	<segmented>0</segmented>
	<object>
		<name>audi</name>
		<pose>Unspecified</pose>
		<truncated>0</truncated>
		<difficult>0</difficult>
		<bndbox>
			<xmin>466</xmin>
			<ymin>323</ymin>
			<xmax>574</xmax>
			<ymax>367</ymax>
		</bndbox>
	</object>
</annotation>
