<annotation>
	<folder>train</folder>
	<filename>audi4.jpg</filename>
	<path>C:\Users\ADMIN\Desktop\xlalogo\images\train\audi4.jpg</path>
	<source>
		<database>Unknown</database>
	</source>
	<size>
		<width>960</width>
		<height>540</height>
		<depth>3</depth>
	</size>
	<segmented>0</segmented>
	<object>
		<name>audi</name>
		<pose>Unspecified</pose>
		<truncated>0</truncated>
		<difficult>0</difficult>
		<bndbox>
			<xmin>735</xmin>
			<ymin>239</ymin>
			<xmax>796</xmax>
			<ymax>267</ymax>
		</bndbox>
	</object>
</annotation>
