<annotation>
	<folder>train</folder>
	<filename>audi35.jpg</filename>
	<path>C:\Users\ADMIN\Desktop\xlalogo\images\train\audi35.jpg</path>
	<source>
		<database>Unknown</database>
	</source>
	<size>
		<width>1920</width>
		<height>1200</height>
		<depth>3</depth>
	</size>
	<segmented>0</segmented>
	<object>
		<name>audi</name>
		<pose>Unspecified</pose>
		<truncated>0</truncated>
		<difficult>0</difficult>
		<bndbox>
			<xmin>904</xmin>
			<ymin>642</ymin>
			<xmax>998</xmax>
			<ymax>683</ymax>
		</bndbox>
	</object>
</annotation>
