<annotation>
	<folder>train</folder>
	<filename>audi41.jpg</filename>
	<path>C:\Users\ADMIN\Desktop\xlalogo\images\train\audi41.jpg</path>
	<source>
		<database>Unknown</database>
	</source>
	<size>
		<width>1366</width>
		<height>768</height>
		<depth>3</depth>
	</size>
	<segmented>0</segmented>
	<object>
		<name>audi</name>
		<pose>Unspecified</pose>
		<truncated>0</truncated>
		<difficult>0</difficult>
		<bndbox>
			<xmin>794</xmin>
			<ymin>488</ymin>
			<xmax>853</xmax>
			<ymax>520</ymax>
		</bndbox>
	</object>
</annotation>
