<annotation>
	<folder>train</folder>
	<filename>audi44.jpg</filename>
	<path>C:\Users\ADMIN\Desktop\xlalogo\images\train\audi44.jpg</path>
	<source>
		<database>Unknown</database>
	</source>
	<size>
		<width>1200</width>
		<height>675</height>
		<depth>3</depth>
	</size>
	<segmented>0</segmented>
	<object>
		<name>audi</name>
		<pose>Unspecified</pose>
		<truncated>0</truncated>
		<difficult>0</difficult>
		<bndbox>
			<xmin>772</xmin>
			<ymin>299</ymin>
			<xmax>840</xmax>
			<ymax>324</ymax>
		</bndbox>
	</object>
</annotation>
