<annotation>
	<folder>train</folder>
	<filename>audi3.jpg</filename>
	<path>C:\Users\ADMIN\Desktop\xlalogo\images\train\audi3.jpg</path>
	<source>
		<database>Unknown</database>
	</source>
	<size>
		<width>960</width>
		<height>480</height>
		<depth>3</depth>
	</size>
	<segmented>0</segmented>
	<object>
		<name>audi</name>
		<pose>Unspecified</pose>
		<truncated>0</truncated>
		<difficult>0</difficult>
		<bndbox>
			<xmin>730</xmin>
			<ymin>220</ymin>
			<xmax>795</xmax>
			<ymax>251</ymax>
		</bndbox>
	</object>
</annotation>
