<annotation>
	<folder>train</folder>
	<filename>hyundai9.jpg</filename>
	<path>C:\Users\ADMIN\Desktop\xlalogo\images\train\hyundai9.jpg</path>
	<source>
		<database>Unknown</database>
	</source>
	<size>
		<width>1200</width>
		<height>772</height>
		<depth>3</depth>
	</size>
	<segmented>0</segmented>
	<object>
		<name>hyundai</name>
		<pose>Unspecified</pose>
		<truncated>0</truncated>
		<difficult>0</difficult>
		<bndbox>
			<xmin>873</xmin>
			<ymin>441</ymin>
			<xmax>943</xmax>
			<ymax>486</ymax>
		</bndbox>
	</object>
</annotation>
