<annotation>
	<folder>train</folder>
	<filename>hyundai34.jpg</filename>
	<path>C:\Users\ADMIN\Desktop\xlalogo\images\train\hyundai34.jpg</path>
	<source>
		<database>Unknown</database>
	</source>
	<size>
		<width>640</width>
		<height>420</height>
		<depth>3</depth>
	</size>
	<segmented>0</segmented>
	<object>
		<name>hyundai</name>
		<pose>Unspecified</pose>
		<truncated>0</truncated>
		<difficult>0</difficult>
		<bndbox>
			<xmin>430</xmin>
			<ymin>198</ymin>
			<xmax>463</xmax>
			<ymax>223</ymax>
		</bndbox>
	</object>
</annotation>
