<annotation>
	<folder>train</folder>
	<filename>hyundai37.jpg</filename>
	<path>C:\Users\ADMIN\Desktop\xlalogo\images\train\hyundai37.jpg</path>
	<source>
		<database>Unknown</database>
	</source>
	<size>
		<width>1280</width>
		<height>720</height>
		<depth>3</depth>
	</size>
	<segmented>0</segmented>
	<object>
		<name>hyundai</name>
		<pose>Unspecified</pose>
		<truncated>0</truncated>
		<difficult>0</difficult>
		<bndbox>
			<xmin>182</xmin>
			<ymin>524</ymin>
			<xmax>243</xmax>
			<ymax>559</ymax>
		</bndbox>
	</object>
</annotation>
