<annotation>
	<folder>train</folder>
	<filename>hyundai45.jpg</filename>
	<path>C:\Users\ADMIN\Desktop\xlalogo\images\train\hyundai45.jpg</path>
	<source>
		<database>Unknown</database>
	</source>
	<size>
		<width>512</width>
		<height>290</height>
		<depth>3</depth>
	</size>
	<segmented>0</segmented>
	<object>
		<name>hyundai</name>
		<pose>Unspecified</pose>
		<truncated>0</truncated>
		<difficult>0</difficult>
		<bndbox>
			<xmin>115</xmin>
			<ymin>159</ymin>
			<xmax>146</xmax>
			<ymax>181</ymax>
		</bndbox>
	</object>
</annotation>
