<annotation>
	<folder>train</folder>
	<filename>hyundai17.jpg</filename>
	<path>C:\Users\ADMIN\Desktop\xlalogo\images\train\hyundai17.jpg</path>
	<source>
		<database>Unknown</database>
	</source>
	<size>
		<width>1400</width>
		<height>400</height>
		<depth>3</depth>
	</size>
	<segmented>0</segmented>
	<object>
		<name>hyundai</name>
		<pose>Unspecified</pose>
		<truncated>0</truncated>
		<difficult>0</difficult>
		<bndbox>
			<xmin>556</xmin>
			<ymin>271</ymin>
			<xmax>597</xmax>
			<ymax>303</ymax>
		</bndbox>
	</object>
</annotation>
