<annotation>
	<folder>train</folder>
	<filename>hyundai2.jpg</filename>
	<path>C:\Users\ADMIN\Desktop\xlalogo\images\train\hyundai2.jpg</path>
	<source>
		<database>Unknown</database>
	</source>
	<size>
		<width>960</width>
		<height>640</height>
		<depth>3</depth>
	</size>
	<segmented>0</segmented>
	<object>
		<name>hyundai</name>
		<pose>Unspecified</pose>
		<truncated>0</truncated>
		<difficult>0</difficult>
		<bndbox>
			<xmin>192</xmin>
			<ymin>345</ymin>
			<xmax>279</xmax>
			<ymax>403</ymax>
		</bndbox>
	</object>
</annotation>
