<annotation>
	<folder>train</folder>
	<filename>hyundai18.jpg</filename>
	<path>C:\Users\ADMIN\Desktop\xlalogo\images\train\hyundai18.jpg</path>
	<source>
		<database>Unknown</database>
	</source>
	<size>
		<width>700</width>
		<height>450</height>
		<depth>3</depth>
	</size>
	<segmented>0</segmented>
	<object>
		<name>hyundai</name>
		<pose>Unspecified</pose>
		<truncated>0</truncated>
		<difficult>0</difficult>
		<bndbox>
			<xmin>91</xmin>
			<ymin>242</ymin>
			<xmax>145</xmax>
			<ymax>293</ymax>
		</bndbox>
	</object>
</annotation>
