<annotation>
	<folder>train</folder>
	<filename>hyundai30.jpg</filename>
	<path>C:\Users\ADMIN\Desktop\xlalogo\images\train\hyundai30.jpg</path>
	<source>
		<database>Unknown</database>
	</source>
	<size>
		<width>660</width>
		<height>371</height>
		<depth>3</depth>
	</size>
	<segmented>0</segmented>
	<object>
		<name>hyundai</name>
		<pose>Unspecified</pose>
		<truncated>0</truncated>
		<difficult>0</difficult>
		<bndbox>
			<xmin>168</xmin>
			<ymin>162</ymin>
			<xmax>222</xmax>
			<ymax>197</ymax>
		</bndbox>
	</object>
</annotation>
