<annotation>
	<folder>train</folder>
	<filename>hyundai25.jpg</filename>
	<path>C:\Users\ADMIN\Desktop\xlalogo\images\train\hyundai25.jpg</path>
	<source>
		<database>Unknown</database>
	</source>
	<size>
		<width>2048</width>
		<height>1367</height>
		<depth>3</depth>
	</size>
	<segmented>0</segmented>
	<object>
		<name>hyundai</name>
		<pose>Unspecified</pose>
		<truncated>0</truncated>
		<difficult>0</difficult>
		<bndbox>
			<xmin>1024</xmin>
			<ymin>878</ymin>
			<xmax>1143</xmax>
			<ymax>935</ymax>
		</bndbox>
	</object>
</annotation>
