<annotation>
	<folder>train</folder>
	<filename>hyundai3.jpg</filename>
	<path>C:\Users\ADMIN\Desktop\xlalogo\images\train\hyundai3.jpg</path>
	<source>
		<database>Unknown</database>
	</source>
	<size>
		<width>1067</width>
		<height>800</height>
		<depth>3</depth>
	</size>
	<segmented>0</segmented>
	<object>
		<name>hyundai</name>
		<pose>Unspecified</pose>
		<truncated>0</truncated>
		<difficult>0</difficult>
		<bndbox>
			<xmin>168</xmin>
			<ymin>506</ymin>
			<xmax>241</xmax>
			<ymax>572</ymax>
		</bndbox>
	</object>
</annotation>
