<annotation>
	<folder>train</folder>
	<filename>hyundai24.jpg</filename>
	<path>C:\Users\ADMIN\Desktop\xlalogo\images\train\hyundai24.jpg</path>
	<source>
		<database>Unknown</database>
	</source>
	<size>
		<width>650</width>
		<height>365</height>
		<depth>3</depth>
	</size>
	<segmented>0</segmented>
	<object>
		<name>hyundai</name>
		<pose>Unspecified</pose>
		<truncated>0</truncated>
		<difficult>0</difficult>
		<bndbox>
			<xmin>295</xmin>
			<ymin>194</ymin>
			<xmax>338</xmax>
			<ymax>226</ymax>
		</bndbox>
	</object>
</annotation>
