<annotation>
	<folder>train</folder>
	<filename>hyundai12.jpg</filename>
	<path>C:\Users\ADMIN\Desktop\xlalogo\images\train\hyundai12.jpg</path>
	<source>
		<database>Unknown</database>
	</source>
	<size>
		<width>600</width>
		<height>383</height>
		<depth>3</depth>
	</size>
	<segmented>0</segmented>
	<object>
		<name>hyundai</name>
		<pose>Unspecified</pose>
		<truncated>0</truncated>
		<difficult>0</difficult>
		<bndbox>
			<xmin>89</xmin>
			<ymin>237</ymin>
			<xmax>124</xmax>
			<ymax>265</ymax>
		</bndbox>
	</object>
</annotation>
