<annotation>
	<folder>train</folder>
	<filename>hyundai28.jpg</filename>
	<path>C:\Users\ADMIN\Desktop\xlalogo\images\train\hyundai28.jpg</path>
	<source>
		<database>Unknown</database>
	</source>
	<size>
		<width>640</width>
		<height>359</height>
		<depth>3</depth>
	</size>
	<segmented>0</segmented>
	<object>
		<name>hyundai</name>
		<pose>Unspecified</pose>
		<truncated>0</truncated>
		<difficult>0</difficult>
		<bndbox>
			<xmin>386</xmin>
			<ymin>170</ymin>
			<xmax>409</xmax>
			<ymax>184</ymax>
		</bndbox>
	</object>
</annotation>
