<annotation>
	<folder>train</folder>
	<filename>hyundai33.jpg</filename>
	<path>C:\Users\ADMIN\Desktop\xlalogo\images\train\hyundai33.jpg</path>
	<source>
		<database>Unknown</database>
	</source>
	<size>
		<width>459</width>
		<height>300</height>
		<depth>3</depth>
	</size>
	<segmented>0</segmented>
	<object>
		<name>hyundai</name>
		<pose>Unspecified</pose>
		<truncated>0</truncated>
		<difficult>0</difficult>
		<bndbox>
			<xmin>320</xmin>
			<ymin>139</ymin>
			<xmax>355</xmax>
			<ymax>163</ymax>
		</bndbox>
	</object>
</annotation>
