<annotation>
	<folder>train</folder>
	<filename>hyundai41.jpg</filename>
	<path>C:\Users\ADMIN\Desktop\xlalogo\images\train\hyundai41.jpg</path>
	<source>
		<database>Unknown</database>
	</source>
	<size>
		<width>1280</width>
		<height>720</height>
		<depth>3</depth>
	</size>
	<segmented>0</segmented>
	<object>
		<name>hyundai</name>
		<pose>Unspecified</pose>
		<truncated>0</truncated>
		<difficult>0</difficult>
		<bndbox>
			<xmin>659</xmin>
			<ymin>375</ymin>
			<xmax>774</xmax>
			<ymax>453</ymax>
		</bndbox>
	</object>
</annotation>
