<annotation>
	<folder>train</folder>
	<filename>hyundai15.jpg</filename>
	<path>C:\Users\ADMIN\Desktop\xlalogo\images\train\hyundai15.jpg</path>
	<source>
		<database>Unknown</database>
	</source>
	<size>
		<width>660</width>
		<height>419</height>
		<depth>3</depth>
	</size>
	<segmented>0</segmented>
	<object>
		<name>hyundai</name>
		<pose>Unspecified</pose>
		<truncated>0</truncated>
		<difficult>0</difficult>
		<bndbox>
			<xmin>320</xmin>
			<ymin>224</ymin>
			<xmax>366</xmax>
			<ymax>260</ymax>
		</bndbox>
	</object>
</annotation>
