<annotation>
	<folder>train</folder>
	<filename>hyundai10.jpg</filename>
	<path>C:\Users\ADMIN\Desktop\xlalogo\images\train\hyundai10.jpg</path>
	<source>
		<database>Unknown</database>
	</source>
	<size>
		<width>1200</width>
		<height>791</height>
		<depth>3</depth>
	</size>
	<segmented>0</segmented>
	<object>
		<name>hyundai</name>
		<pose>Unspecified</pose>
		<truncated>0</truncated>
		<difficult>0</difficult>
		<bndbox>
			<xmin>928</xmin>
			<ymin>382</ymin>
			<xmax>1018</xmax>
			<ymax>457</ymax>
		</bndbox>
	</object>
</annotation>
