<annotation>
	<folder>train</folder>
	<filename>hyundai39.jpg</filename>
	<path>C:\Users\ADMIN\Desktop\xlalogo\images\train\hyundai39.jpg</path>
	<source>
		<database>Unknown</database>
	</source>
	<size>
		<width>420</width>
		<height>280</height>
		<depth>3</depth>
	</size>
	<segmented>0</segmented>
	<object>
		<name>hyundai</name>
		<pose>Unspecified</pose>
		<truncated>0</truncated>
		<difficult>0</difficult>
		<bndbox>
			<xmin>115</xmin>
			<ymin>121</ymin>
			<xmax>161</xmax>
			<ymax>152</ymax>
		</bndbox>
	</object>
</annotation>
