<annotation>
	<folder>train</folder>
	<filename>hyundai4.jpg</filename>
	<path>C:\Users\ADMIN\Desktop\xlalogo\images\train\hyundai4.jpg</path>
	<source>
		<database>Unknown</database>
	</source>
	<size>
		<width>1000</width>
		<height>563</height>
		<depth>3</depth>
	</size>
	<segmented>0</segmented>
	<object>
		<name>hyundai</name>
		<pose>Unspecified</pose>
		<truncated>0</truncated>
		<difficult>0</difficult>
		<bndbox>
			<xmin>743</xmin>
			<ymin>328</ymin>
			<xmax>797</xmax>
			<ymax>369</ymax>
		</bndbox>
	</object>
</annotation>
