<annotation>
	<folder>train</folder>
	<filename>hyundai13.jpg</filename>
	<path>C:\Users\ADMIN\Desktop\xlalogo\images\train\hyundai13.jpg</path>
	<source>
		<database>Unknown</database>
	</source>
	<size>
		<width>960</width>
		<height>640</height>
		<depth>3</depth>
	</size>
	<segmented>0</segmented>
	<object>
		<name>hyundai</name>
		<pose>Unspecified</pose>
		<truncated>0</truncated>
		<difficult>0</difficult>
		<bndbox>
			<xmin>712</xmin>
			<ymin>395</ymin>
			<xmax>761</xmax>
			<ymax>438</ymax>
		</bndbox>
	</object>
</annotation>
