<annotation>
	<folder>train</folder>
	<filename>hyundai26.jpg</filename>
	<path>C:\Users\ADMIN\Desktop\xlalogo\images\train\hyundai26.jpg</path>
	<source>
		<database>Unknown</database>
	</source>
	<size>
		<width>700</width>
		<height>425</height>
		<depth>3</depth>
	</size>
	<segmented>0</segmented>
	<object>
		<name>hyundai</name>
		<pose>Unspecified</pose>
		<truncated>0</truncated>
		<difficult>0</difficult>
		<bndbox>
			<xmin>323</xmin>
			<ymin>244</ymin>
			<xmax>374</xmax>
			<ymax>278</ymax>
		</bndbox>
	</object>
</annotation>
