<annotation>
	<folder>train</folder>
	<filename>hyundai40.jpg</filename>
	<path>C:\Users\ADMIN\Desktop\xlalogo\images\train\hyundai40.jpg</path>
	<source>
		<database>Unknown</database>
	</source>
	<size>
		<width>720</width>
		<height>506</height>
		<depth>3</depth>
	</size>
	<segmented>0</segmented>
	<object>
		<name>hyundai</name>
		<pose>Unspecified</pose>
		<truncated>0</truncated>
		<difficult>0</difficult>
		<bndbox>
			<xmin>100</xmin>
			<ymin>310</ymin>
			<xmax>146</xmax>
			<ymax>335</ymax>
		</bndbox>
	</object>
</annotation>
