<annotation>
	<folder>train</folder>
	<filename>hyundai19.jpg</filename>
	<path>C:\Users\ADMIN\Desktop\xlalogo\images\train\hyundai19.jpg</path>
	<source>
		<database>Unknown</database>
	</source>
	<size>
		<width>0</width>
		<height>0</height>
		<depth>3</depth>
	</size>
	<segmented>0</segmented>
	<object>
		<name>hyundai</name>
		<pose>Unspecified</pose>
		<truncated>0</truncated>
		<difficult>0</difficult>
		<bndbox>
			<xmin>129</xmin>
			<ymin>213</ymin>
			<xmax>156</xmax>
			<ymax>235</ymax>
		</bndbox>
	</object>
</annotation>
