<annotation>
	<folder>train</folder>
	<filename>hyundai29.jpg</filename>
	<path>C:\Users\ADMIN\Desktop\xlalogo\images\train\hyundai29.jpg</path>
	<source>
		<database>Unknown</database>
	</source>
	<size>
		<width>764</width>
		<height>428</height>
		<depth>3</depth>
	</size>
	<segmented>0</segmented>
	<object>
		<name>hyundai</name>
		<pose>Unspecified</pose>
		<truncated>0</truncated>
		<difficult>0</difficult>
		<bndbox>
			<xmin>107</xmin>
			<ymin>225</ymin>
			<xmax>137</xmax>
			<ymax>249</ymax>
		</bndbox>
	</object>
</annotation>
