<annotation>
	<folder>train</folder>
	<filename>hyundai32.jpg</filename>
	<path>C:\Users\ADMIN\Desktop\xlalogo\images\train\hyundai32.jpg</path>
	<source>
		<database>Unknown</database>
	</source>
	<size>
		<width>1000</width>
		<height>667</height>
		<depth>3</depth>
	</size>
	<segmented>0</segmented>
	<object>
		<name>hyundai</name>
		<pose>Unspecified</pose>
		<truncated>0</truncated>
		<difficult>0</difficult>
		<bndbox>
			<xmin>775</xmin>
			<ymin>296</ymin>
			<xmax>836</xmax>
			<ymax>347</ymax>
		</bndbox>
	</object>
</annotation>
