<annotation>
	<folder>train</folder>
	<filename>hyundai23.jpg</filename>
	<path>C:\Users\ADMIN\Desktop\xlalogo\images\train\hyundai23.jpg</path>
	<source>
		<database>Unknown</database>
	</source>
	<size>
		<width>236</width>
		<height>355</height>
		<depth>3</depth>
	</size>
	<segmented>0</segmented>
	<object>
		<name>hyundai</name>
		<pose>Unspecified</pose>
		<truncated>0</truncated>
		<difficult>0</difficult>
		<bndbox>
			<xmin>39</xmin>
			<ymin>223</ymin>
			<xmax>60</xmax>
			<ymax>239</ymax>
		</bndbox>
	</object>
</annotation>
