<annotation>
	<folder>train</folder>
	<filename>hyundai35.jpg</filename>
	<path>C:\Users\ADMIN\Desktop\xlalogo\images\train\hyundai35.jpg</path>
	<source>
		<database>Unknown</database>
	</source>
	<size>
		<width>1088</width>
		<height>486</height>
		<depth>3</depth>
	</size>
	<segmented>0</segmented>
	<object>
		<name>hyundai</name>
		<pose>Unspecified</pose>
		<truncated>0</truncated>
		<difficult>0</difficult>
		<bndbox>
			<xmin>406</xmin>
			<ymin>359</ymin>
			<xmax>444</xmax>
			<ymax>383</ymax>
		</bndbox>
	</object>
</annotation>
