<annotation>
	<folder>train</folder>
	<filename>hyundai6.jpg</filename>
	<path>C:\Users\ADMIN\Desktop\xlalogo\images\train\hyundai6.jpg</path>
	<source>
		<database>Unknown</database>
	</source>
	<size>
		<width>800</width>
		<height>523</height>
		<depth>3</depth>
	</size>
	<segmented>0</segmented>
	<object>
		<name>hyundai</name>
		<pose>Unspecified</pose>
		<truncated>0</truncated>
		<difficult>0</difficult>
		<bndbox>
			<xmin>654</xmin>
			<ymin>272</ymin>
			<xmax>706</xmax>
			<ymax>313</ymax>
		</bndbox>
	</object>
</annotation>
