<annotation>
	<folder>train</folder>
	<filename>hyundai22.jpg</filename>
	<path>C:\Users\ADMIN\Desktop\xlalogo\images\train\hyundai22.jpg</path>
	<source>
		<database>Unknown</database>
	</source>
	<size>
		<width>1000</width>
		<height>618</height>
		<depth>3</depth>
	</size>
	<segmented>0</segmented>
	<object>
		<name>hyundai</name>
		<pose>Unspecified</pose>
		<truncated>0</truncated>
		<difficult>0</difficult>
		<bndbox>
			<xmin>199</xmin>
			<ymin>445</ymin>
			<xmax>221</xmax>
			<ymax>467</ymax>
		</bndbox>
	</object>
</annotation>
