<annotation>
	<folder>train</folder>
	<filename>hyundai11.jpg</filename>
	<path>C:\Users\ADMIN\Desktop\xlalogo\images\train\hyundai11.jpg</path>
	<source>
		<database>Unknown</database>
	</source>
	<size>
		<width>800</width>
		<height>450</height>
		<depth>3</depth>
	</size>
	<segmented>0</segmented>
	<object>
		<name>hyundai</name>
		<pose>Unspecified</pose>
		<truncated>0</truncated>
		<difficult>0</difficult>
		<bndbox>
			<xmin>624</xmin>
			<ymin>205</ymin>
			<xmax>675</xmax>
			<ymax>244</ymax>
		</bndbox>
	</object>
</annotation>
