<annotation>
	<folder>train</folder>
	<filename>hyundai14.jpg</filename>
	<path>C:\Users\ADMIN\Desktop\xlalogo\images\train\hyundai14.jpg</path>
	<source>
		<database>Unknown</database>
	</source>
	<size>
		<width>600</width>
		<height>400</height>
		<depth>3</depth>
	</size>
	<segmented>0</segmented>
	<object>
		<name>hyundai</name>
		<pose>Unspecified</pose>
		<truncated>0</truncated>
		<difficult>0</difficult>
		<bndbox>
			<xmin>269</xmin>
			<ymin>224</ymin>
			<xmax>335</xmax>
			<ymax>260</ymax>
		</bndbox>
	</object>
</annotation>
