<annotation>
	<folder>train</folder>
	<filename>hyundai27.jpg</filename>
	<path>C:\Users\ADMIN\Desktop\xlalogo\images\train\hyundai27.jpg</path>
	<source>
		<database>Unknown</database>
	</source>
	<size>
		<width>1600</width>
		<height>1200</height>
		<depth>3</depth>
	</size>
	<segmented>0</segmented>
	<object>
		<name>hyundai</name>
		<pose>Unspecified</pose>
		<truncated>0</truncated>
		<difficult>0</difficult>
		<bndbox>
			<xmin>115</xmin>
			<ymin>693</ymin>
			<xmax>188</xmax>
			<ymax>743</ymax>
		</bndbox>
	</object>
</annotation>
