<annotation>
	<folder>train</folder>
	<filename>hyundai16.jpg</filename>
	<path>C:\Users\ADMIN\Desktop\xlalogo\images\train\hyundai16.jpg</path>
	<source>
		<database>Unknown</database>
	</source>
	<size>
		<width>960</width>
		<height>626</height>
		<depth>3</depth>
	</size>
	<segmented>0</segmented>
	<object>
		<name>hyundai</name>
		<pose>Unspecified</pose>
		<truncated>0</truncated>
		<difficult>0</difficult>
		<bndbox>
			<xmin>350</xmin>
			<ymin>406</ymin>
			<xmax>406</xmax>
			<ymax>441</ymax>
		</bndbox>
	</object>
</annotation>
