<annotation>
	<folder>train</folder>
	<filename>hyundai36.jpg</filename>
	<path>C:\Users\ADMIN\Desktop\xlalogo\images\train\hyundai36.jpg</path>
	<source>
		<database>Unknown</database>
	</source>
	<size>
		<width>284</width>
		<height>177</height>
		<depth>3</depth>
	</size>
	<segmented>0</segmented>
	<object>
		<name>hyundai</name>
		<pose>Unspecified</pose>
		<truncated>0</truncated>
		<difficult>0</difficult>
		<bndbox>
			<xmin>24</xmin>
			<ymin>84</ymin>
			<xmax>47</xmax>
			<ymax>100</ymax>
		</bndbox>
	</object>
</annotation>
