<annotation>
	<folder>train</folder>
	<filename>hyundai31.jpg</filename>
	<path>C:\Users\ADMIN\Desktop\xlalogo\images\train\hyundai31.jpg</path>
	<source>
		<database>Unknown</database>
	</source>
	<size>
		<width>1280</width>
		<height>720</height>
		<depth>3</depth>
	</size>
	<segmented>0</segmented>
	<object>
		<name>hyundai</name>
		<pose>Unspecified</pose>
		<truncated>0</truncated>
		<difficult>0</difficult>
		<bndbox>
			<xmin>843</xmin>
			<ymin>372</ymin>
			<xmax>896</xmax>
			<ymax>420</ymax>
		</bndbox>
	</object>
</annotation>
