<annotation>
	<folder>train</folder>
	<filename>hyundai20.jpg</filename>
	<path>C:\Users\ADMIN\Desktop\xlalogo\images\train\hyundai20.jpg</path>
	<source>
		<database>Unknown</database>
	</source>
	<size>
		<width>512</width>
		<height>341</height>
		<depth>3</depth>
	</size>
	<segmented>0</segmented>
	<object>
		<name>hyundai</name>
		<pose>Unspecified</pose>
		<truncated>0</truncated>
		<difficult>0</difficult>
		<bndbox>
			<xmin>29</xmin>
			<ymin>200</ymin>
			<xmax>50</xmax>
			<ymax>219</ymax>
		</bndbox>
	</object>
</annotation>
