<annotation>
	<folder>train</folder>
	<filename>hyundai43.jpg</filename>
	<path>C:\Users\ADMIN\Desktop\xlalogo\images\train\hyundai43.jpg</path>
	<source>
		<database>Unknown</database>
	</source>
	<size>
		<width>512</width>
		<height>288</height>
		<depth>3</depth>
	</size>
	<segmented>0</segmented>
	<object>
		<name>hyundai</name>
		<pose>Unspecified</pose>
		<truncated>0</truncated>
		<difficult>0</difficult>
		<bndbox>
			<xmin>219</xmin>
			<ymin>157</ymin>
			<xmax>261</xmax>
			<ymax>182</ymax>
		</bndbox>
	</object>
</annotation>
