<annotation>
	<folder>train</folder>
	<filename>hyundai8.jpg</filename>
	<path>C:\Users\ADMIN\Desktop\xlalogo\images\train\hyundai8.jpg</path>
	<source>
		<database>Unknown</database>
	</source>
	<size>
		<width>860</width>
		<height>482</height>
		<depth>3</depth>
	</size>
	<segmented>0</segmented>
	<object>
		<name>hyundai</name>
		<pose>Unspecified</pose>
		<truncated>0</truncated>
		<difficult>0</difficult>
		<bndbox>
			<xmin>167</xmin>
			<ymin>295</ymin>
			<xmax>206</xmax>
			<ymax>336</ymax>
		</bndbox>
	</object>
</annotation>
